nome,email,documento,telefone,endereco,cidade,estado,cep,data_nascimento,profissao
Pedro Oliveira,pedro.oliveira@empresa.com,11122233344,11777665544,Rua Augusta 789,São Paulo,SP,01234890,1975-12-10,Advogado
Ana Costa,ana.costa@hotmail.com,55566677788,11666555444,Av. Atlântica 321,Belo Horizonte,MG,30123456,1988-05-25,Arquiteta
Carlos Ferreira,carlos.ferreira@yahoo.com,99988877766,11555444333,Rua XV de Novembro 654,Salvador,BA,40123456,1992-01-05,Designer
Luiza Pereira,luiza.pereira@outlook.com,33344455566,11444333222,Av. Boa Viagem 987,Recife,PE,50123456,1987-09-12,Professora
Ricardo Almeida,ricardo.almeida@empresa.com,77788899900,11333222111,Rua da Praia 147,Fortaleza,CE,60123456,1983-11-08,Contador
Fernanda Lima,fernanda.lima@gmail.com,22233344455,11222111000,Av. Beira Mar 258,Curitiba,PR,80123456,1995-04-18,Psicóloga
Roberto Souza,roberto.souza@email.com,66677788899,11111000999,Rua 7 de Setembro 369,Porto Alegre,RS,90123456,1980-06-30,Vendedor
Juliana Castro,juliana.castro@hotmail.com,44455566677,11000999888,Av. Goiás 741,Goiânia,GO,74123456,1993-02-14,Nutricionista
Marcos Barbosa,marcos.barbosa@empresa.com,88899900011,10999888777,Rua Dom Pedro II 852,Brasília,DF,70123456,1978-10-22,Advogado
Camila Rodrigues,camila.rodrigues@yahoo.com,11223344556,10888777666,Av. Afonso Pena 963,Campo Grande,MS,79123456,1986-08-07,Enfermeira
Diego Martins,diego.martins@gmail.com,55667788990,10777666555,Rua Marechal Floriano 159,Cuiabá,MT,78123456,1991-12-01,Engenheiro
Patrícia Gomes,patricia.gomes@outlook.com,99001122334,10666555444,Av. Presidente Vargas 357,Manaus,AM,69123456,1984-03-28,Jornalista
Gabriel Santos,gabriel.santos@email.com,33445566778,10555444333,Rua Barão do Rio Branco 468,Belém,PA,66123456,1989-07-16,Programador
Larissa Melo,larissa.melo@hotmail.com,77889900112,10444333222,Av. Sete de Setembro 579,São Luís,MA,65123456,1994-11-03,Farmacêutica
André Carvalho,andre.carvalho@empresa.com,22334455667,10333222111,Rua da Liberdade 680,Teresina,PI,64123456,1981-05-19,Administrador
Renata Silva,renata.silva@gmail.com,66778899001,10222111000,Av. João Pessoa 791,João Pessoa,PB,58123456,1987-09-25,Fisioterapeuta
Bruno Costa,bruno.costa@yahoo.com,44556677889,10111000999,Rua Padre Feijó 802,Maceió,AL,57123456,1992-01-11,Veterinário
Tatiana Alves,tatiana.alves@email.com,88990011223,10000999888,Av. Duque de Caxias 913,Aracaju,SE,49123456,1985-06-08,Dentista
Felipe Nascimento,felipe.nascimento@hotmail.com,12234455668,19999888777,Rua José Bonifácio 124,Vitória,ES,29123456,1990-04-22,Biomédico
Isabela Ribeiro,isabela.ribeiro@empresa.com,56678899002,19888777666,Av. Nossa Senhora da Penha 235,Florianópolis,SC,88123456,1988-12-15,Psicóloga
Thiago Mendes,thiago.mendes@gmail.com,90012233445,19777666555,Rua Coronel Durval 346,Natal,RN,59123456,1983-08-30,Educador Físico
Vanessa Cardoso,vanessa.cardoso@outlook.com,34455667789,19666555444,Av. Epitácio Pessoa 457,Palmas,TO,77123456,1995-02-17,Bióloga
Leonardo Vieira,leonardo.vieira@yahoo.com,78899001123,19555444333,Rua Tiradentes 568,Rio Branco,AC,69901234,1979-10-05,Geógrafo
Priscila Monteiro,priscila.monteiro@email.com,23344556678,19444333222,Av. Getúlio Vargas 679,Boa Vista,RR,69301234,1991-06-21,Pedagoga
Rodrigo Ferraz,rodrigo.ferraz@hotmail.com,67788990012,19333222111,Rua Joaquim Nabuco 780,Macapá,AP,68901234,1986-03-12,Economista
Marina Teixeira,marina.teixeira@empresa.com,12345678902,19222111000,Av. Brasil 891,Porto Velho,RO,76801234,1993-11-26,Advogada
Gustavo Pinto,gustavo.pinto@gmail.com,56789012345,19111000999,Rua General Osório 902,São Paulo,SP,01234568,1982-07-18,Engenheiro
Carolina Freitas,carolina.freitas@yahoo.com,90123456789,19000999888,Av. Faria Lima 113,São Paulo,SP,01234569,1989-01-04,Analista
Eduardo Ramos,eduardo.ramos@email.com,34567890123,18999888777,Rua Consolação 224,São Paulo,SP,01234570,1994-09-09,Desenvolvedor
Beatriz Campos,beatriz.campos@hotmail.com,78901234567,18888777666,Av. Rebouças 335,São Paulo,SP,01234571,1987-05-03,Marketing
Lucas Moreira,lucas.moreira@empresa.com,23456789012,18777666555,Rua Oscar Freire 446,São Paulo,SP,01234572,1981-12-27,Vendas
Natália Dias,natalia.dias@gmail.com,67890123456,18666555444,Av. Ibirapuera 557,São Paulo,SP,01234573,1990-08-14,Recursos Humanos
Alexandre Cruz,alexandre.cruz@outlook.com,12378945601,18555444333,Rua Aclimação 668,São Paulo,SP,01234574,1985-04-20,Analista de Sistemas
Lívia Machado,livia.machado@yahoo.com,56712389045,18444333222,Av. Liberdade 779,São Paulo,SP,01234575,1992-10-31,Publicitária
Fábio Correia,fabio.correia@email.com,90134567812,18333222111,Rua Bela Vista 880,São Paulo,SP,01234576,1988-02-06,Consultor
Amanda Torres,amanda.torres@hotmail.com,34578901236,18222111000,Av. Vila Madalena 991,São Paulo,SP,01234577,1995-07-23,Terapeuta
Júlio César,julio.cesar@empresa.com,78912345670,18111000999,Rua Jardins 102,Rio de Janeiro,RJ,20123457,1983-11-15,Gerente
Daniela Lopes,daniela.lopes@gmail.com,23467890134,18000999888,Av. Copacabana 213,Rio de Janeiro,RJ,20123458,1991-06-02,Coordenadora
Rafael Gonçalves,rafael.goncalves@yahoo.com,67834567901,17999888777,Rua Ipanema 324,Rio de Janeiro,RJ,20123459,1986-01-28,Supervisor
Aline Cunha,aline.cunha@email.com,12756789045,17888777666,Av. Flamengo 435,Rio de Janeiro,RJ,20123460,1989-09-11,Consultora
Henrique Moura,henrique.moura@hotmail.com,56189012378,17777666555,Rua Leblon 546,Rio de Janeiro,RJ,20123461,1984-05-07,Diretor
Cristina Araújo,cristina.araujo@empresa.com,90523456712,17666555444,Av. Barra da Tijuca 657,Rio de Janeiro,RJ,20123462,1993-12-24,Analista Financeira
Vinícius Ribas,vinicius.ribas@gmail.com,34867890156,17555444333,Rua Botafogo 768,Rio de Janeiro,RJ,20123463,1987-03-19,Economista
Roberta Farias,roberta.farias@outlook.com,78201234590,17444333222,Av. Tijuca 879,Rio de Janeiro,RJ,20123464,1990-11-05,Administradora
Márcio Tavares,marcio.tavares@yahoo.com,23645678923,17333222111,Rua Santa Teresa 980,Rio de Janeiro,RJ,20123465,1982-08-13,Contador
Fernanda Rocha,fernanda.rocha@email.com,67089012367,17222111000,Av. Centro 191,Belo Horizonte,MG,30123457,1994-04-30,Psicóloga
Igor Baptista,igor.baptista@hotmail.com,12423456801,17111000999,Rua Savassi 302,Belo Horizonte,MG,30123458,1988-01-16,Advogado
Cláudia Neves,claudia.neves@empresa.com,56767890245,17000999888,Av. Pampulha 413,Belo Horizonte,MG,30123459,1991-09-22,Enfermeira
Ricardo Bastos,ricardo.bastos@gmail.com,90101234578,16999888777,Rua Funcionários 524,Belo Horizonte,MG,30123460,1985-06-09,Engenheiro Civil
Simone Guedes,simone.guedes@yahoo.com,34545678912,16888777666,Av. Lourdes 635,Belo Horizonte,MG,30123461,1992-02-25,Arquiteta
Paulo Matos,paulo.matos@email.com,78889012356,16777666555,Rua Cidade Nova 746,Belo Horizonte,MG,30123462,1987-10-12,Designer Gráfico
Vanessa Duarte,vanessa.duarte@hotmail.com,23223456790,16666555444,Av. Belvedere 857,Belo Horizonte,MG,30123463,1983-07-28,Jornalista
Leandro Silva,leandro.silva@empresa.com,67567890134,16555444333,Rua Serra 968,Belo Horizonte,MG,30123464,1990-04-14,Programador
Patrícia Borges,patricia.borges@gmail.com,12901234578,16444333222,Av. Mangabeiras 179,Belo Horizonte,MG,30123465,1994-12-01,Farmacêutica
Anderson Lima,anderson.lima@outlook.com,56345678922,16333222111,Rua Eldorado 280,Salvador,BA,40123457,1986-08-17,Fisioterapeuta
Sabrina Costa,sabrina.costa@yahoo.com,90689012366,16222111000,Av. Pituba 391,Salvador,BA,40123458,1989-05-04,Dentista
Claudio Ferreira,claudio.ferreira@email.com,34023456800,16111000999,Rua Barra 402,Salvador,BA,40123459,1984-01-20,Veterinário
Michele Santana,michele.santana@hotmail.com,78367890144,16000999888,Av. Ondina 513,Salvador,BA,40123460,1991-09-06,Biomédica
Sérgio Pereira,sergio.pereira@empresa.com,22701234588,15999888777,Rua Rio Vermelho 624,Salvador,BA,40123461,1988-06-23,Educador Físico
Kelly Nogueira,kelly.nogueira@gmail.com,67045678932,15888777666,Av. Itapuã 735,Salvador,BA,40123462,1993-03-10,Bióloga
Antônio Ramos,antonio.ramos@yahoo.com,11389012376,15777666555,Rua Pelourinho 846,Salvador,BA,40123463,1987-11-26,Geógrafo
Carla Machado,carla.machado@email.com,55723456810,15666555444,Av. Federação 957,Salvador,BA,40123464,1982-08-12,Pedagoga
Jorge Batista,jorge.batista@hotmail.com,99067890154,15555444333,Rua Graça 168,Salvador,BA,40123465,1990-04-29,Economista
Adriana Vieira,adriana.vieira@empresa.com,43401234598,15444333222,Av. Vitória 279,Recife,PE,50123457,1985-01-15,Advogada
Carlos Eduardo,carlos.eduardo@gmail.com,87745678932,15333222111,Rua Boa Viagem 380,Recife,PE,50123458,1992-09-01,Engenheiro
Helena Castro,helena.castro@outlook.com,21089012376,15222111000,Av. Derby 491,Recife,PE,50123459,1988-06-18,Médica
Wagner Santos,wagner.santos@yahoo.com,65423456810,15111000999,Rua Espinheiro 502,Recife,PE,50123460,1983-03-05,Analista
Mônica Oliveira,monica.oliveira@email.com,09767890154,15000999888,Av. Casa Forte 613,Recife,PE,50123461,1990-11-21,Coordenadora
Everton Souza,everton.souza@hotmail.com,54101234598,14999888777,Rua Madalena 724,Recife,PE,50123462,1986-08-08,Supervisor
Cíntia Almeida,cintia.almeida@empresa.com,98445678932,14888777666,Av. Aflitos 835,Recife,PE,50123463,1993-04-24,Consultora
Renato Barbosa,renato.barbosa@gmail.com,32789012376,14777666555,Rua Parnamirim 946,Recife,PE,50123464,1989-01-11,Diretor
Eliane Cardoso,eliane.cardoso@yahoo.com,77123456810,14666555444,Av. Setúbal 157,Recife,PE,50123465,1984-09-27,Analista Financeira
Marcelo Dias,marcelo.dias@email.com,21467890154,14555444333,Rua Iputinga 268,Fortaleza,CE,60123457,1991-06-14,Economista
Sônia Ferraz,sonia.ferraz@hotmail.com,65801234598,14444333222,Av. Beira Mar 379,Fortaleza,CE,60123458,1987-02-28,Administradora
Jaime Gomes,jaime.gomes@empresa.com,10145678932,14333222111,Rua Aldeota 480,Fortaleza,CE,60123459,1982-10-15,Contador
Luciana Henrique,luciana.henrique@gmail.com,54489012376,14222111000,Av. Meireles 591,Fortaleza,CE,60123460,1994-07-02,Psicóloga
Flávio Ribeiro,flavio.ribeiro@outlook.com,98823456810,14111000999,Rua Cocó 602,Fortaleza,CE,60123461,1988-04-18,Advogado
Cláudia Teixeira,claudia.teixeira@yahoo.com,33167890154,14000999888,Av. Papicu 713,Fortaleza,CE,60123462,1985-12-05,Enfermeira
Robson Pinto,robson.pinto@email.com,77501234598,13999888777,Rua Maraponga 824,Fortaleza,CE,60123463,1990-09-21,Engenheiro Civil
Sandra Freitas,sandra.freitas@hotmail.com,21845678932,13888777666,Av. Centro 935,Fortaleza,CE,60123464,1993-06-08,Arquiteta
Alberto Campos,alberto.campos@empresa.com,66189012376,13777666555,Rua Benfica 146,Fortaleza,CE,60123465,1986-03-24,Designer Gráfico
Tânia Moreira,tania.moreira@gmail.com,10523456810,13666555444,Av. Messejana 257,Curitiba,PR,80123457,1989-11-11,Jornalista
Edson Nascimento,edson.nascimento@yahoo.com,54867890154,13555444333,Rua Centro 368,Curitiba,PR,80123458,1984-08-27,Programador
Neusa Mendes,neusa.mendes@email.com,99201234598,13444333222,Av. Água Verde 479,Curitiba,PR,80123459,1991-05-14,Farmacêutica
Gilberto Cardoso,gilberto.cardoso@hotmail.com,33545678932,13333222111,Rua Batel 580,Curitiba,PR,80123460,1987-01-30,Fisioterapeuta
Márcia Vieira,marcia.vieira@empresa.com,77889012376,13222111000,Av. Ecoville 691,Curitiba,PR,80123461,1982-09-16,Dentista
José Carlos,jose.carlos@gmail.com,22223456810,13111000999,Rua Champagnat 702,Curitiba,PR,80123462,1990-06-03,Veterinário
Rosana Pinto,rosana.pinto@outlook.com,66567890154,13000999888,Av. Bigorrilho 813,Curitiba,PR,80123463,1985-03-19,Biomédica
Fábio Freitas,fabio.freitas@yahoo.com,11901234598,12999888777,Rua Portão 924,Curitiba,PR,80123464,1993-12-06,Educador Físico
Silvia Campos,silvia.campos@email.com,55245678932,12888777666,Av. Cristo Rei 135,Curitiba,PR,80123465,1988-09-22,Bióloga
Roberto Moreira,roberto.moreira@hotmail.com,99589012376,12777666555,Rua Cabral 246,Porto Alegre,RS,90123457,1984-06-09,Geógrafo
Vera Nascimento,vera.nascimento@empresa.com,33923456810,12666555444,Av. Independência 357,Porto Alegre,RS,90123458,1991-02-25,Pedagoga
Paulo Mendes,paulo.mendes@gmail.com,78267890154,12555444333,Rua Cidade Baixa 468,Porto Alegre,RS,90123459,1987-10-12,Economista
Regina Cardoso,regina.cardoso@yahoo.com,22601234598,12444333222,Av. Bom Fim 579,Porto Alegre,RS,90123460,1982-07-28,Advogada
Francisco Vieira,francisco.vieira@email.com,66945678932,12333222111,Rua Moinhos de Vento 680,Porto Alegre,RS,90123461,1994-04-14,Engenheiro
Angela Pinto,angela.pinto@hotmail.com,11289012376,12222111000,Av. Petrópolis 791,Porto Alegre,RS,90123462,1989-12-01,Médica
Marcos Freitas,marcos.freitas@empresa.com,55623456810,12111000999,Rua Auxiliadora 802,Porto Alegre,RS,90123463,1985-08-17,Analista
Elisângela Campos,elisangela.campos@gmail.com,99967890154,12000999888,Av. Três Figueiras 913,Porto Alegre,RS,90123464,1990-05-04,Coordenadora
Carlos Moreira,carlos.moreira@outlook.com,34301234598,11999888777,Rua Higienópolis 124,Porto Alegre,RS,90123465,1986-01-20,Supervisor
Luciane Nascimento,luciane.nascimento@yahoo.com,78645678932,11888777666,Av. Ipanema 235,Goiânia,GO,74123457,1991-09-06,Consultora
Nelson Mendes,nelson.mendes@email.com,22989012376,11777666555,Rua Setor Oeste 346,Goiânia,GO,74123458,1988-06-23,Diretor
Solange Cardoso,solange.cardoso@hotmail.com,67323456810,11666555444,Av. T-63 457,Goiânia,GO,74123459,1983-03-10,Analista Financeira
Antônio Vieira,antonio.vieira@empresa.com,11667890154,11555444333,Rua Setor Sul 568,Goiânia,GO,74123460,1994-11-26,Economista
Maria José,maria.jose@gmail.com,56001234598,11444333222,Av. Anhanguera 679,Goiânia,GO,74123461,1989-08-12,Administradora
João Carlos,joao.carlos@yahoo.com,00345678932,11333222111,Rua Setor Central 780,Goiânia,GO,74123462,1985-04-29,Contador
Roseli Pinto,roseli.pinto@email.com,44689012376,11222111000,Av. Goiás 891,Goiânia,GO,74123463,1990-01-15,Psicóloga
Sílvio Freitas,silvio.freitas@hotmail.com,89023456810,11111000999,Rua Setor Norte 902,Goiânia,GO,74123464,1987-09-01,Advogado
Edna Campos,edna.campos@empresa.com,23367890154,11000999888,Av. Universitária 113,Goiânia,GO,74123465,1982-06-18,Enfermeira
Luís Moreira,luis.moreira@gmail.com,67701234598,10999888777,Rua Setor Leste 224,Brasília,DF,70123457,1993-03-05,Engenheiro Civil
Ivone Nascimento,ivone.nascimento@outlook.com,12045678932,10888777666,Av. W3 Sul 335,Brasília,DF,70123458,1988-11-21,Arquiteta
Orlando Mendes,orlando.mendes@yahoo.com,56389012376,10777666555,Rua Asa Sul 446,Brasília,DF,70123459,1984-08-08,Designer Gráfico
Marta Cardoso,marta.cardoso@email.com,00723456810,10666555444,Av. L2 Sul 557,Brasília,DF,70123460,1991-04-24,Jornalista
Geraldo Vieira,geraldo.vieira@hotmail.com,45067890154,10555444333,Rua Asa Norte 668,Brasília,DF,70123461,1986-01-11,Programador
Célia Pinto,celia.pinto@empresa.com,89401234598,10444333222,Av. W3 Norte 779,Brasília,DF,70123462,1989-09-27,Farmacêutica
Valdecir Freitas,valdecir.freitas@gmail.com,23745678932,10333222111,Rua Lago Sul 880,Brasília,DF,70123463,1984-06-14,Fisioterapeuta
Irene Campos,irene.campos@yahoo.com,68089012376,10222111000,Av. Lago Norte 991,Brasília,DF,70123464,1990-02-28,Dentista
Hamilton Moreira,hamilton.moreira@email.com,12423456810,10111000999,Rua Sudoeste 102,Brasília,DF,70123465,1987-10-15,Veterinário
Neide Nascimento,neide.nascimento@hotmail.com,56767890154,10000999888,Av. Noroeste 213,Campo Grande,MS,79123457,1982-07-02,Biomédica
Osvaldo Mendes,osvaldo.mendes@empresa.com,01101234598,19999888777,Rua Centro 324,Campo Grande,MS,79123458,1994-04-18,Educador Físico
Norma Cardoso,norma.cardoso@gmail.com,45445678932,19888777666,Av. Afonso Pena 435,Campo Grande,MS,79123459,1989-12-05,Bióloga
Raimundo Vieira,raimundo.vieira@outlook.com,89789012376,19777666555,Rua 14 de Julho 546,Campo Grande,MS,79123460,1985-09-21,Geógrafo
Conceição Pinto,conceicao.pinto@yahoo.com,24123456810,19666555444,Av. Mato Grosso 657,Campo Grande,MS,79123461,1991-06-08,Pedagoga
Waldemar Freitas,waldemar.freitas@email.com,68467890154,19555444333,Rua Barão do Rio Branco 768,Campo Grande,MS,79123462,1988-03-24,Economista
Dalva Campos,dalva.campos@hotmail.com,12801234598,19444333222,Av. Calógeras 879,Campo Grande,MS,79123463,1983-11-11,Advogada
José Moreira,jose.moreira@empresa.com,57145678932,19333222111,Rua Dom Aquino 980,Campo Grande,MS,79123464,1990-08-27,Engenheiro
Dirce Nascimento,dirce.nascimento@gmail.com,01489012376,19222111000,Av. Bandeirantes 191,Campo Grande,MS,79123465,1986-05-14,Médica
Alcides Mendes,alcides.mendes@yahoo.com,45823456810,19111000999,Rua Júlio de Castilho 302,Cuiabá,MT,78123457,1991-01-30,Analista
Diva Cardoso,diva.cardoso@email.com,90167890154,19000999888,Av. Fernando Corrêa 413,Cuiabá,MT,78123458,1987-09-16,Coordenadora
Valdomiro Vieira,valdomiro.vieira@hotmail.com,34501234598,18999888777,Rua Cândido Mariano 524,Cuiabá,MT,78123459,1982-06-03,Supervisor
Odete Pinto,odete.pinto@empresa.com,78845678932,18888777666,Av. Getúlio Vargas 635,Cuiabá,MT,78123460,1994-03-19,Consultora
Reinaldo Freitas,reinaldo.freitas@gmail.com,23189012376,18777666555,Rua Barão de Melgaço 746,Cuiabá,MT,78123461,1989-12-06,Diretor
Zilda Campos,zilda.campos@outlook.com,67523456810,18666555444,Av. Isaac Póvoas 857,Cuiabá,MT,78123462,1985-08-22,Analista Financeira
Sebastião Moreira,sebastiao.moreira@yahoo.com,11867890154,18555444333,Rua Dom Bosco 968,Cuiabá,MT,78123463,1990-05-09,Economista
Neuza Nascimento,neuza.nascimento@email.com,56201234598,18444333222,Av. Presidente Marques 179,Cuiabá,MT,78123464,1987-02-25,Administradora